day,hour,minute,vehicle,duration
0,0,0,29,315
0,0,0,36,360
0,0,0,66,300
0,0,15,29,315
0,0,15,36,360
0,0,15,66,300
0,0,30,29,315
0,0,30,36,360
0,0,30,66,300
0,0,45,29,315
0,0,45,36,360
0,0,45,66,300
0,1,0,29,315
0,1,0,36,360
0,1,0,66,300
0,1,15,19,540
0,1,15,29,315
0,1,15,36,360
0,1,15,65,540
0,1,15,66,300
0,1,30,19,540
0,1,30,29,315
0,1,30,36,360
0,1,30,65,540
0,1,30,66,300
0,1,45,19,540
0,1,45,29,315
0,1,45,36,360
0,1,45,65,540
0,1,45,66,300
0,2,0,19,540
0,2,0,29,315
0,2,0,36,360
0,2,0,49,495
0,2,0,65,540
0,2,0,66,300
0,2,15,19,540
0,2,15,29,315
0,2,15,36,360
0,2,15,49,495
0,2,15,65,540
0,2,15,66,300
0,2,30,19,540
0,2,30,29,315
0,2,30,36,360
0,2,30,49,495
0,2,30,65,540
0,2,30,66,300
0,2,45,16,540
0,2,45,19,540
0,2,45,29,315
0,2,45,36,360
0,2,45,49,495
0,2,45,65,540
0,2,45,66,300
0,3,0,16,540
0,3,0,19,540
0,3,0,29,315
0,3,0,33,435
0,3,0,36,360
0,3,0,49,495
0,3,0,65,540
0,3,0,66,300
0,3,15,6,510
0,3,15,16,540
0,3,15,19,540
0,3,15,29,315
0,3,15,33,435
0,3,15,36,360
0,3,15,49,495
0,3,15,65,540
0,3,15,66,300
0,3,30,0,585
0,3,30,6,510
0,3,30,14,540
0,3,30,16,540
0,3,30,19,540
0,3,30,29,315
0,3,30,33,435
0,3,30,36,360
0,3,30,49,495
0,3,30,65,540
0,3,30,66,300
0,3,45,0,585
0,3,45,6,510
0,3,45,14,540
0,3,45,16,540
0,3,45,19,540
0,3,45,29,315
0,3,45,33,435
0,3,45,36,360
0,3,45,49,495
0,3,45,58,450
0,3,45,65,540
0,3,45,66,300
0,4,0,0,585
0,4,0,6,510
0,4,0,14,540
0,4,0,16,540
0,4,0,19,540
0,4,0,29,315
0,4,0,33,435
0,4,0,36,360
0,4,0,49,495
0,4,0,58,450
0,4,0,65,540
0,4,0,66,300
0,4,0,72,390
0,4,0,76,570
0,4,15,0,585
0,4,15,6,510
0,4,15,14,540
0,4,15,16,540
0,4,15,19,540
0,4,15,29,315
0,4,15,33,435
0,4,15,36,360
0,4,15,49,495
0,4,15,53,510
0,4,15,58,450
0,4,15,65,540
0,4,15,66,300
0,4,15,72,390
0,4,15,76,570
0,4,30,0,585
0,4,30,6,510
0,4,30,14,540
0,4,30,16,540
0,4,30,19,540
0,4,30,29,315
0,4,30,33,435
0,4,30,36,360
0,4,30,49,495
0,4,30,53,510
0,4,30,58,450
0,4,30,65,540
0,4,30,66,300
0,4,30,72,390
0,4,30,76,570
0,4,45,0,585
0,4,45,6,510
0,4,45,14,540
0,4,45,16,540
0,4,45,19,540
0,4,45,29,315
0,4,45,33,435
0,4,45,36,360
0,4,45,49,495
0,4,45,53,510
0,4,45,58,450
0,4,45,65,540
0,4,45,66,300
0,4,45,72,390
0,4,45,76,570
0,5,0,0,585
0,5,0,6,510
0,5,0,14,540
0,5,0,16,540
0,5,0,19,540
0,5,0,29,315
0,5,0,33,435
0,5,0,36,360
0,5,0,40,570
0,5,0,49,495
0,5,0,53,510
0,5,0,58,450
0,5,0,65,540
0,5,0,72,390
0,5,0,76,570
0,5,15,0,585
0,5,15,6,510
0,5,15,12,540
0,5,15,14,540
0,5,15,16,540
0,5,15,19,540
0,5,15,21,510
0,5,15,33,435
0,5,15,36,360
0,5,15,40,570
0,5,15,49,495
0,5,15,53,510
0,5,15,58,450
0,5,15,65,540
0,5,15,72,390
0,5,15,76,570
0,5,30,0,585
0,5,30,2,540
0,5,30,6,510
0,5,30,12,540
0,5,30,14,540
0,5,30,16,540
0,5,30,19,540
0,5,30,21,510
0,5,30,27,510
0,5,30,33,435
0,5,30,36,360
0,5,30,40,570
0,5,30,49,495
0,5,30,50,555
0,5,30,53,510
0,5,30,58,450
0,5,30,65,540
0,5,30,72,390
0,5,30,76,570
0,5,45,0,585
0,5,45,2,540
0,5,45,6,510
0,5,45,7,270
0,5,45,12,540
0,5,45,14,540
0,5,45,16,540
0,5,45,19,540
0,5,45,21,510
0,5,45,23,390
0,5,45,27,510
0,5,45,33,435
0,5,45,36,360
0,5,45,40,570
0,5,45,49,495
0,5,45,50,555
0,5,45,53,510
0,5,45,58,450
0,5,45,59,465
0,5,45,62,480
0,5,45,65,540
0,5,45,72,390
0,5,45,76,570
0,6,0,0,585
0,6,0,2,540
0,6,0,6,510
0,6,0,7,270
0,6,0,12,540
0,6,0,14,540
0,6,0,16,540
0,6,0,19,540
0,6,0,21,510
0,6,0,23,390
0,6,0,27,510
0,6,0,33,435
0,6,0,40,570
0,6,0,49,495
0,6,0,50,555
0,6,0,53,510
0,6,0,58,450
0,6,0,59,465
0,6,0,62,480
0,6,0,65,540
0,6,0,72,390
0,6,0,76,570
0,6,15,0,585
0,6,15,2,540
0,6,15,6,510
0,6,15,7,270
0,6,15,12,540
0,6,15,14,540
0,6,15,16,540
0,6,15,19,540
0,6,15,21,510
0,6,15,23,390
0,6,15,27,510
0,6,15,30,480
0,6,15,33,435
0,6,15,40,570
0,6,15,49,495
0,6,15,50,555
0,6,15,51,435
0,6,15,53,510
0,6,15,58,450
0,6,15,59,465
0,6,15,62,480
0,6,15,65,540
0,6,15,72,390
0,6,15,76,570
0,6,30,0,585
0,6,30,2,540
0,6,30,6,510
0,6,30,7,270
0,6,30,12,540
0,6,30,14,540
0,6,30,16,540
0,6,30,19,540
0,6,30,21,510
0,6,30,23,390
0,6,30,27,510
0,6,30,30,480
0,6,30,33,435
0,6,30,34,435
0,6,30,40,570
0,6,30,49,495
0,6,30,50,555
0,6,30,51,435
0,6,30,53,510
0,6,30,58,450
0,6,30,59,465
0,6,30,62,480
0,6,30,65,540
0,6,30,72,390
0,6,30,76,570
0,6,45,0,585
0,6,45,2,540
0,6,45,6,510
0,6,45,7,270
0,6,45,12,540
0,6,45,14,540
0,6,45,16,540
0,6,45,19,540
0,6,45,21,510
0,6,45,23,390
0,6,45,27,510
0,6,45,30,480
0,6,45,33,435
0,6,45,34,435
0,6,45,40,570
0,6,45,46,420
0,6,45,49,495
0,6,45,50,555
0,6,45,51,435
0,6,45,53,510
0,6,45,58,450
0,6,45,59,465
0,6,45,62,480
0,6,45,65,540
0,6,45,72,390
0,6,45,76,570
0,7,0,0,585
0,7,0,1,390
0,7,0,2,540
0,7,0,6,510
0,7,0,7,270
0,7,0,12,540
0,7,0,14,540
0,7,0,16,540
0,7,0,19,540
0,7,0,21,510
0,7,0,23,390
0,7,0,26,465
0,7,0,27,510
0,7,0,30,480
0,7,0,33,435
0,7,0,34,435
0,7,0,40,570
0,7,0,46,420
0,7,0,49,495
0,7,0,50,555
0,7,0,51,435
0,7,0,53,510
0,7,0,58,450
0,7,0,59,465
0,7,0,62,480
0,7,0,65,540
0,7,0,72,390
0,7,0,76,570
0,7,15,0,585
0,7,15,1,390
0,7,15,2,540
0,7,15,6,510
0,7,15,7,270
0,7,15,12,540
0,7,15,14,540
0,7,15,16,540
0,7,15,19,540
0,7,15,21,510
0,7,15,23,390
0,7,15,26,465
0,7,15,27,510
0,7,15,30,480
0,7,15,33,435
0,7,15,34,435
0,7,15,38,390
0,7,15,40,570
0,7,15,46,420
0,7,15,49,495
0,7,15,50,555
0,7,15,51,435
0,7,15,53,510
0,7,15,58,450
0,7,15,59,465
0,7,15,62,480
0,7,15,65,540
0,7,15,72,390
0,7,15,76,570
0,7,30,0,585
0,7,30,1,390
0,7,30,2,540
0,7,30,3,285
0,7,30,6,510
0,7,30,7,270
0,7,30,12,540
0,7,30,14,540
0,7,30,16,540
0,7,30,19,540
0,7,30,21,510
0,7,30,23,390
0,7,30,26,465
0,7,30,27,510
0,7,30,30,480
0,7,30,33,435
0,7,30,34,435
0,7,30,37,420
0,7,30,38,390
0,7,30,40,570
0,7,30,46,420
0,7,30,49,495
0,7,30,50,555
0,7,30,51,435
0,7,30,53,510
0,7,30,58,450
0,7,30,59,465
0,7,30,62,480
0,7,30,65,540
0,7,30,72,390
0,7,30,76,570
0,7,45,0,585
0,7,45,1,390
0,7,45,2,540
0,7,45,3,285
0,7,45,6,510
0,7,45,7,270
0,7,45,12,540
0,7,45,14,540
0,7,45,16,540
0,7,45,19,540
0,7,45,21,510
0,7,45,23,390
0,7,45,26,465
0,7,45,27,510
0,7,45,30,480
0,7,45,33,435
0,7,45,34,435
0,7,45,37,420
0,7,45,38,390
0,7,45,40,570
0,7,45,46,420
0,7,45,49,495
0,7,45,50,555
0,7,45,51,435
0,7,45,53,510
0,7,45,58,450
0,7,45,59,465
0,7,45,62,480
0,7,45,65,540
0,7,45,72,390
0,7,45,73,420
0,7,45,76,570
0,8,0,0,585
0,8,0,1,390
0,8,0,2,540
0,8,0,3,285
0,8,0,6,510
0,8,0,7,270
0,8,0,12,540
0,8,0,14,540
0,8,0,16,540
0,8,0,19,540
0,8,0,21,510
0,8,0,23,390
0,8,0,26,465
0,8,0,27,510
0,8,0,30,480
0,8,0,31,360
0,8,0,33,435
0,8,0,34,435
0,8,0,37,420
0,8,0,38,390
0,8,0,40,570
0,8,0,46,420
0,8,0,49,495
0,8,0,50,555
0,8,0,51,435
0,8,0,53,510
0,8,0,58,450
0,8,0,59,465
0,8,0,62,480
0,8,0,65,540
0,8,0,72,390
0,8,0,73,420
0,8,0,76,570
0,8,15,0,585
0,8,15,1,390
0,8,15,2,540
0,8,15,3,285
0,8,15,6,510
0,8,15,7,270
0,8,15,12,540
0,8,15,14,540
0,8,15,16,540
0,8,15,19,540
0,8,15,21,510
0,8,15,23,390
0,8,15,26,465
0,8,15,27,510
0,8,15,30,480
0,8,15,31,360
0,8,15,33,435
0,8,15,34,435
0,8,15,37,420
0,8,15,38,390
0,8,15,40,570
0,8,15,46,420
0,8,15,49,495
0,8,15,50,555
0,8,15,51,435
0,8,15,53,510
0,8,15,58,450
0,8,15,59,465
0,8,15,62,480
0,8,15,65,540
0,8,15,72,390
0,8,15,73,420
0,8,15,76,570
0,8,30,0,585
0,8,30,1,390
0,8,30,2,540
0,8,30,3,285
0,8,30,6,510
0,8,30,7,270
0,8,30,12,540
0,8,30,14,540
0,8,30,16,540
0,8,30,19,540
0,8,30,21,510
0,8,30,23,390
0,8,30,26,465
0,8,30,27,510
0,8,30,30,480
0,8,30,31,360
0,8,30,33,435
0,8,30,34,435
0,8,30,37,420
0,8,30,38,390
0,8,30,40,570
0,8,30,46,420
0,8,30,49,495
0,8,30,50,555
0,8,30,51,435
0,8,30,53,510
0,8,30,58,450
0,8,30,59,465
0,8,30,62,480
0,8,30,65,540
0,8,30,72,390
0,8,30,73,420
0,8,30,76,570
0,8,45,0,585
0,8,45,1,390
0,8,45,2,540
0,8,45,3,285
0,8,45,6,510
0,8,45,7,270
0,8,45,12,540
0,8,45,14,540
0,8,45,16,540
0,8,45,19,540
0,8,45,21,510
0,8,45,23,390
0,8,45,26,465
0,8,45,27,510
0,8,45,30,480
0,8,45,31,360
0,8,45,33,435
0,8,45,34,435
0,8,45,37,420
0,8,45,38,390
0,8,45,40,570
0,8,45,46,420
0,8,45,49,495
0,8,45,50,555
0,8,45,51,435
0,8,45,53,510
0,8,45,58,450
0,8,45,59,465
0,8,45,62,480
0,8,45,65,540
0,8,45,72,390
0,8,45,73,420
0,8,45,76,570
0,9,0,0,585
0,9,0,1,390
0,9,0,2,540
0,9,0,3,285
0,9,0,6,510
0,9,0,7,270
0,9,0,12,540
0,9,0,14,540
0,9,0,16,540
0,9,0,19,540
0,9,0,21,510
0,9,0,23,390
0,9,0,26,465
0,9,0,27,510
0,9,0,30,480
0,9,0,31,360
0,9,0,33,435
0,9,0,34,435
0,9,0,37,420
0,9,0,38,390
0,9,0,40,570
0,9,0,46,420
0,9,0,49,495
0,9,0,50,555
0,9,0,51,435
0,9,0,53,510
0,9,0,58,450
0,9,0,59,465
0,9,0,62,480
0,9,0,65,540
0,9,0,72,390
0,9,0,73,420
0,9,0,76,570
0,9,15,0,585
0,9,15,1,390
0,9,15,2,540
0,9,15,3,285
0,9,15,6,510
0,9,15,7,270
0,9,15,12,540
0,9,15,14,540
0,9,15,16,540
0,9,15,19,540
0,9,15,21,510
0,9,15,23,390
0,9,15,26,465
0,9,15,27,510
0,9,15,30,480
0,9,15,31,360
0,9,15,33,435
0,9,15,34,435
0,9,15,37,420
0,9,15,38,390
0,9,15,40,570
0,9,15,46,420
0,9,15,49,495
0,9,15,50,555
0,9,15,51,435
0,9,15,53,510
0,9,15,58,450
0,9,15,59,465
0,9,15,62,480
0,9,15,65,540
0,9,15,72,390
0,9,15,73,420
0,9,15,76,570
0,9,30,0,585
0,9,30,1,390
0,9,30,2,540
0,9,30,3,285
0,9,30,6,510
0,9,30,7,270
0,9,30,12,540
0,9,30,14,540
0,9,30,16,540
0,9,30,19,540
0,9,30,21,510
0,9,30,23,390
0,9,30,26,465
0,9,30,27,510
0,9,30,30,480
0,9,30,31,360
0,9,30,33,435
0,9,30,34,435
0,9,30,37,420
0,9,30,38,390
0,9,30,40,570
0,9,30,46,420
0,9,30,49,495
0,9,30,50,555
0,9,30,51,435
0,9,30,53,510
0,9,30,58,450
0,9,30,59,465
0,9,30,62,480
0,9,30,65,540
0,9,30,72,390
0,9,30,73,420
0,9,30,76,570
0,9,45,0,585
0,9,45,1,390
0,9,45,2,540
0,9,45,3,285
0,9,45,6,510
0,9,45,7,270
0,9,45,12,540
0,9,45,14,540
0,9,45,16,540
0,9,45,19,540
0,9,45,21,510
0,9,45,23,390
0,9,45,26,465
0,9,45,27,510
0,9,45,30,480
0,9,45,31,360
0,9,45,33,435
0,9,45,34,435
0,9,45,37,420
0,9,45,38,390
0,9,45,40,570
0,9,45,44,270
0,9,45,46,420
0,9,45,49,495
0,9,45,50,555
0,9,45,51,435
0,9,45,53,510
0,9,45,58,450
0,9,45,59,465
0,9,45,61,285
0,9,45,62,480
0,9,45,65,540
0,9,45,72,390
0,9,45,73,420
0,9,45,76,570
0,10,0,0,585
0,10,0,1,390
0,10,0,2,540
0,10,0,3,285
0,10,0,6,510
0,10,0,7,270
0,10,0,8,255
0,10,0,12,540
0,10,0,14,540
0,10,0,16,540
0,10,0,19,540
0,10,0,21,510
0,10,0,23,390
0,10,0,26,465
0,10,0,27,510
0,10,0,30,480
0,10,0,31,360
0,10,0,33,435
0,10,0,34,435
0,10,0,37,420
0,10,0,38,390
0,10,0,40,570
0,10,0,44,270
0,10,0,46,420
0,10,0,49,495
0,10,0,50,555
0,10,0,51,435
0,10,0,53,510
0,10,0,58,450
0,10,0,59,465
0,10,0,61,285
0,10,0,62,480
0,10,0,65,540
0,10,0,72,390
0,10,0,73,420
0,10,0,76,570
0,10,15,0,585
0,10,15,1,390
0,10,15,2,540
0,10,15,3,285
0,10,15,6,510
0,10,15,8,255
0,10,15,12,540
0,10,15,13,270
0,10,15,14,540
0,10,15,16,540
0,10,15,21,510
0,10,15,23,390
0,10,15,26,465
0,10,15,27,510
0,10,15,30,480
0,10,15,31,360
0,10,15,34,435
0,10,15,37,420
0,10,15,38,390
0,10,15,40,570
0,10,15,42,270
0,10,15,44,270
0,10,15,46,420
0,10,15,50,555
0,10,15,51,435
0,10,15,53,510
0,10,15,58,450
0,10,15,59,465
0,10,15,61,285
0,10,15,62,480
0,10,15,72,390
0,10,15,73,420
0,10,15,76,570
0,10,30,0,585
0,10,30,1,390
0,10,30,2,540
0,10,30,3,285
0,10,30,6,510
0,10,30,8,255
0,10,30,12,540
0,10,30,13,270
0,10,30,14,540
0,10,30,16,540
0,10,30,21,510
0,10,30,23,390
0,10,30,26,465
0,10,30,27,510
0,10,30,30,480
0,10,30,31,360
0,10,30,34,435
0,10,30,37,420
0,10,30,38,390
0,10,30,40,570
0,10,30,42,270
0,10,30,44,270
0,10,30,46,420
0,10,30,50,555
0,10,30,51,435
0,10,30,53,510
0,10,30,58,450
0,10,30,59,465
0,10,30,61,285
0,10,30,62,480
0,10,30,73,420
0,10,30,76,570
0,10,45,0,585
0,10,45,1,390
0,10,45,2,540
0,10,45,3,285
0,10,45,6,510
0,10,45,8,255
0,10,45,12,540
0,10,45,13,270
0,10,45,14,540
0,10,45,16,540
0,10,45,21,510
0,10,45,23,390
0,10,45,26,465
0,10,45,27,510
0,10,45,30,480
0,10,45,31,360
0,10,45,34,435
0,10,45,37,420
0,10,45,38,390
0,10,45,40,570
0,10,45,42,270
0,10,45,44,270
0,10,45,46,420
0,10,45,50,555
0,10,45,51,435
0,10,45,53,510
0,10,45,58,450
0,10,45,59,465
0,10,45,61,285
0,10,45,62,480
0,10,45,73,420
0,10,45,76,570
0,11,0,0,585
0,11,0,1,390
0,11,0,2,540
0,11,0,3,285
0,11,0,6,510
0,11,0,8,255
0,11,0,12,540
0,11,0,13,270
0,11,0,14,540
0,11,0,16,540
0,11,0,21,510
0,11,0,23,390
0,11,0,26,465
0,11,0,27,510
0,11,0,30,480
0,11,0,31,360
0,11,0,34,435
0,11,0,37,420
0,11,0,38,390
0,11,0,40,570
0,11,0,42,270
0,11,0,44,270
0,11,0,46,420
0,11,0,50,555
0,11,0,51,435
0,11,0,53,510
0,11,0,58,450
0,11,0,59,465
0,11,0,61,285
0,11,0,62,480
0,11,0,68,270
0,11,0,73,420
0,11,0,76,570
0,11,15,0,585
0,11,15,1,390
0,11,15,2,540
0,11,15,3,285
0,11,15,6,510
0,11,15,8,255
0,11,15,12,540
0,11,15,13,270
0,11,15,14,540
0,11,15,16,540
0,11,15,21,510
0,11,15,23,390
0,11,15,26,465
0,11,15,27,510
0,11,15,30,480
0,11,15,31,360
0,11,15,34,435
0,11,15,37,420
0,11,15,38,390
0,11,15,40,570
0,11,15,42,270
0,11,15,44,270
0,11,15,46,420
0,11,15,50,555
0,11,15,51,435
0,11,15,53,510
0,11,15,59,465
0,11,15,61,285
0,11,15,62,480
0,11,15,68,270
0,11,15,73,420
0,11,15,76,570
0,11,30,0,585
0,11,30,1,390
0,11,30,2,540
0,11,30,3,285
0,11,30,6,510
0,11,30,8,255
0,11,30,12,540
0,11,30,13,270
0,11,30,14,540
0,11,30,16,540
0,11,30,21,510
0,11,30,23,390
0,11,30,26,465
0,11,30,27,510
0,11,30,30,480
0,11,30,31,360
0,11,30,34,435
0,11,30,37,420
0,11,30,38,390
0,11,30,40,570
0,11,30,42,270
0,11,30,44,270
0,11,30,46,420
0,11,30,50,555
0,11,30,51,435
0,11,30,53,510
0,11,30,59,465
0,11,30,61,285
0,11,30,62,480
0,11,30,68,270
0,11,30,73,420
0,11,30,76,570
0,11,45,0,585
0,11,45,1,390
0,11,45,2,540
0,11,45,3,285
0,11,45,8,255
0,11,45,12,540
0,11,45,13,270
0,11,45,14,540
0,11,45,21,510
0,11,45,23,390
0,11,45,26,465
0,11,45,27,510
0,11,45,30,480
0,11,45,31,360
0,11,45,34,435
0,11,45,37,420
0,11,45,38,390
0,11,45,40,570
0,11,45,42,270
0,11,45,44,270
0,11,45,46,420
0,11,45,50,555
0,11,45,51,435
0,11,45,53,510
0,11,45,59,465
0,11,45,61,285
0,11,45,62,480
0,11,45,68,270
0,11,45,73,420
0,11,45,76,570
0,12,0,0,585
0,12,0,1,390
0,12,0,2,540
0,12,0,3,285
0,12,0,8,255
0,12,0,12,540
0,12,0,13,270
0,12,0,14,540
0,12,0,21,510
0,12,0,23,390
0,12,0,26,465
0,12,0,27,510
0,12,0,30,480
0,12,0,31,360
0,12,0,34,435
0,12,0,37,420
0,12,0,38,390
0,12,0,40,570
0,12,0,42,270
0,12,0,44,270
0,12,0,46,420
0,12,0,50,555
0,12,0,51,435
0,12,0,53,510
0,12,0,59,465
0,12,0,61,285
0,12,0,62,480
0,12,0,68,270
0,12,0,73,420
0,12,0,76,570
0,12,15,0,585
0,12,15,1,390
0,12,15,2,540
0,12,15,8,255
0,12,15,12,540
0,12,15,13,270
0,12,15,14,540
0,12,15,21,510
0,12,15,26,465
0,12,15,27,510
0,12,15,30,480
0,12,15,31,360
0,12,15,34,435
0,12,15,37,420
0,12,15,38,390
0,12,15,40,570
0,12,15,42,270
0,12,15,44,270
0,12,15,46,420
0,12,15,50,555
0,12,15,51,435
0,12,15,53,510
0,12,15,59,465
0,12,15,61,285
0,12,15,62,480
0,12,15,68,270
0,12,15,73,420
0,12,15,76,570
0,12,30,0,585
0,12,30,1,390
0,12,30,2,540
0,12,30,8,255
0,12,30,12,540
0,12,30,13,270
0,12,30,21,510
0,12,30,26,465
0,12,30,27,510
0,12,30,30,480
0,12,30,31,360
0,12,30,34,435
0,12,30,37,420
0,12,30,38,390
0,12,30,40,570
0,12,30,42,270
0,12,30,43,570
0,12,30,44,270
0,12,30,46,420
0,12,30,50,555
0,12,30,51,435
0,12,30,53,510
0,12,30,59,465
0,12,30,61,285
0,12,30,62,480
0,12,30,68,270
0,12,30,73,420
0,12,30,76,570
0,12,45,0,585
0,12,45,1,390
0,12,45,2,540
0,12,45,8,255
0,12,45,11,570
0,12,45,12,540
0,12,45,13,270
0,12,45,21,510
0,12,45,26,465
0,12,45,27,510
0,12,45,30,480
0,12,45,31,360
0,12,45,34,435
0,12,45,37,420
0,12,45,38,390
0,12,45,40,570
0,12,45,42,270
0,12,45,43,570
0,12,45,44,270
0,12,45,46,420
0,12,45,50,555
0,12,45,51,435
0,12,45,59,465
0,12,45,61,285
0,12,45,62,480
0,12,45,68,270
0,12,45,73,420
0,12,45,76,570
0,13,0,0,585
0,13,0,1,390
0,13,0,2,540
0,13,0,8,255
0,13,0,11,570
0,13,0,12,540
0,13,0,13,270
0,13,0,21,510
0,13,0,26,465
0,13,0,27,510
0,13,0,30,480
0,13,0,31,360
0,13,0,34,435
0,13,0,37,420
0,13,0,38,390
0,13,0,40,570
0,13,0,42,270
0,13,0,43,570
0,13,0,44,270
0,13,0,46,420
0,13,0,50,555
0,13,0,51,435
0,13,0,55,405
0,13,0,59,465
0,13,0,61,285
0,13,0,62,480
0,13,0,68,270
0,13,0,73,420
0,13,0,76,570
0,13,15,1,390
0,13,15,2,540
0,13,15,8,255
0,13,15,11,570
0,13,15,12,540
0,13,15,13,270
0,13,15,21,510
0,13,15,26,465
0,13,15,27,510
0,13,15,30,480
0,13,15,31,360
0,13,15,34,435
0,13,15,37,420
0,13,15,38,390
0,13,15,40,570
0,13,15,42,270
0,13,15,43,570
0,13,15,44,270
0,13,15,46,420
0,13,15,50,555
0,13,15,51,435
0,13,15,55,405
0,13,15,59,465
0,13,15,61,285
0,13,15,62,480
0,13,15,68,270
0,13,15,73,420
0,13,15,76,570
0,13,30,2,540
0,13,30,5,450
0,13,30,8,255
0,13,30,10,450
0,13,30,11,570
0,13,30,12,540
0,13,30,13,270
0,13,30,21,510
0,13,30,26,465
0,13,30,27,510
0,13,30,30,480
0,13,30,31,360
0,13,30,34,435
0,13,30,37,420
0,13,30,38,390
0,13,30,40,570
0,13,30,42,270
0,13,30,43,570
0,13,30,44,270
0,13,30,45,420
0,13,30,46,420
0,13,30,50,555
0,13,30,55,405
0,13,30,61,285
0,13,30,62,480
0,13,30,64,405
0,13,30,68,270
0,13,30,73,420
0,13,45,2,540
0,13,45,5,450
0,13,45,8,255
0,13,45,10,450
0,13,45,11,570
0,13,45,12,540
0,13,45,13,270
0,13,45,26,465
0,13,45,27,510
0,13,45,30,480
0,13,45,31,360
0,13,45,32,360
0,13,45,35,375
0,13,45,37,420
0,13,45,39,540
0,13,45,40,570
0,13,45,42,270
0,13,45,43,570
0,13,45,44,270
0,13,45,45,420
0,13,45,50,555
0,13,45,55,405
0,13,45,57,585
0,13,45,61,285
0,13,45,64,405
0,13,45,68,270
0,13,45,70,495
0,13,45,73,420
0,14,0,2,540
0,14,0,5,450
0,14,0,8,255
0,14,0,10,450
0,14,0,11,570
0,14,0,12,540
0,14,0,13,270
0,14,0,18,555
0,14,0,25,585
0,14,0,26,465
0,14,0,30,480
0,14,0,32,360
0,14,0,35,375
0,14,0,37,420
0,14,0,39,540
0,14,0,40,570
0,14,0,42,270
0,14,0,43,570
0,14,0,44,270
0,14,0,45,420
0,14,0,50,555
0,14,0,54,525
0,14,0,55,405
0,14,0,57,585
0,14,0,61,285
0,14,0,64,405
0,14,0,68,270
0,14,0,70,495
0,14,0,73,420
0,14,15,2,540
0,14,15,5,450
0,14,15,10,450
0,14,15,11,570
0,14,15,13,270
0,14,15,18,555
0,14,15,20,390
0,14,15,25,585
0,14,15,26,465
0,14,15,32,360
0,14,15,35,375
0,14,15,37,420
0,14,15,39,540
0,14,15,40,570
0,14,15,42,270
0,14,15,43,570
0,14,15,45,420
0,14,15,48,480
0,14,15,50,555
0,14,15,54,525
0,14,15,55,405
0,14,15,57,585
0,14,15,61,285
0,14,15,63,480
0,14,15,64,405
0,14,15,67,285
0,14,15,68,270
0,14,15,70,495
0,14,15,73,420
0,14,30,5,450
0,14,30,10,450
0,14,30,11,570
0,14,30,13,270
0,14,30,18,555
0,14,30,20,390
0,14,30,25,585
0,14,30,26,465
0,14,30,28,525
0,14,30,32,360
0,14,30,35,375
0,14,30,39,540
0,14,30,42,270
0,14,30,43,570
0,14,30,45,420
0,14,30,48,480
0,14,30,50,555
0,14,30,54,525
0,14,30,55,405
0,14,30,56,435
0,14,30,57,585
0,14,30,63,480
0,14,30,64,405
0,14,30,67,285
0,14,30,68,270
0,14,30,70,495
0,14,30,73,420
0,14,30,74,420
0,14,30,75,270
0,14,45,5,450
0,14,45,10,450
0,14,45,11,570
0,14,45,15,255
0,14,45,18,555
0,14,45,20,390
0,14,45,22,330
0,14,45,25,585
0,14,45,28,525
0,14,45,32,360
0,14,45,35,375
0,14,45,39,540
0,14,45,41,285
0,14,45,43,570
0,14,45,45,420
0,14,45,47,315
0,14,45,48,480
0,14,45,54,525
0,14,45,55,405
0,14,45,56,435
0,14,45,57,585
0,14,45,63,480
0,14,45,64,405
0,14,45,67,285
0,14,45,68,270
0,14,45,70,495
0,14,45,71,285
0,14,45,74,420
0,14,45,75,270
0,15,0,5,450
0,15,0,10,450
0,15,0,11,570
0,15,0,15,255
0,15,0,18,555
0,15,0,20,390
0,15,0,22,330
0,15,0,25,585
0,15,0,28,525
0,15,0,32,360
0,15,0,35,375
0,15,0,39,540
0,15,0,41,285
0,15,0,43,570
0,15,0,45,420
0,15,0,47,315
0,15,0,48,480
0,15,0,54,525
0,15,0,55,405
0,15,0,56,435
0,15,0,57,585
0,15,0,63,480
0,15,0,64,405
0,15,0,67,285
0,15,0,68,270
0,15,0,70,495
0,15,0,71,285
0,15,0,74,420
0,15,0,75,270
0,15,15,5,450
0,15,15,10,450
0,15,15,11,570
0,15,15,15,255
0,15,15,18,555
0,15,15,20,390
0,15,15,22,330
0,15,15,25,585
0,15,15,28,525
0,15,15,32,360
0,15,15,35,375
0,15,15,39,540
0,15,15,41,285
0,15,15,43,570
0,15,15,45,420
0,15,15,47,315
0,15,15,48,480
0,15,15,52,390
0,15,15,54,525
0,15,15,55,405
0,15,15,56,435
0,15,15,57,585
0,15,15,63,480
0,15,15,64,405
0,15,15,67,285
0,15,15,68,270
0,15,15,69,420
0,15,15,70,495
0,15,15,71,285
0,15,15,74,420
0,15,15,75,270
0,15,30,5,450
0,15,30,10,450
0,15,30,11,570
0,15,30,15,255
0,15,30,17,390
0,15,30,18,555
0,15,30,20,390
0,15,30,22,330
0,15,30,25,585
0,15,30,28,525
0,15,30,32,360
0,15,30,35,375
0,15,30,39,540
0,15,30,41,285
0,15,30,43,570
0,15,30,45,420
0,15,30,47,315
0,15,30,48,480
0,15,30,52,390
0,15,30,54,525
0,15,30,55,405
0,15,30,56,435
0,15,30,57,585
0,15,30,63,480
0,15,30,64,405
0,15,30,67,285
0,15,30,69,420
0,15,30,70,495
0,15,30,71,285
0,15,30,74,420
0,15,30,75,270
0,15,45,5,450
0,15,45,10,450
0,15,45,11,570
0,15,45,15,255
0,15,45,17,390
0,15,45,18,555
0,15,45,20,390
0,15,45,22,330
0,15,45,25,585
0,15,45,28,525
0,15,45,32,360
0,15,45,35,375
0,15,45,39,540
0,15,45,41,285
0,15,45,43,570
0,15,45,45,420
0,15,45,47,315
0,15,45,48,480
0,15,45,52,390
0,15,45,54,525
0,15,45,55,405
0,15,45,56,435
0,15,45,57,585
0,15,45,63,480
0,15,45,64,405
0,15,45,67,285
0,15,45,69,420
0,15,45,70,495
0,15,45,71,285
0,15,45,74,420
0,15,45,75,270
0,16,0,5,450
0,16,0,10,450
0,16,0,11,570
0,16,0,15,255
0,16,0,17,390
0,16,0,18,555
0,16,0,20,390
0,16,0,22,330
0,16,0,24,360
0,16,0,25,585
0,16,0,28,525
0,16,0,32,360
0,16,0,35,375
0,16,0,39,540
0,16,0,41,285
0,16,0,43,570
0,16,0,45,420
0,16,0,47,315
0,16,0,48,480
0,16,0,52,390
0,16,0,54,525
0,16,0,55,405
0,16,0,56,435
0,16,0,57,585
0,16,0,63,480
0,16,0,64,405
0,16,0,67,285
0,16,0,69,420
0,16,0,70,495
0,16,0,71,285
0,16,0,74,420
0,16,0,75,270
0,16,15,5,450
0,16,15,10,450
0,16,15,11,570
0,16,15,15,255
0,16,15,17,390
0,16,15,18,555
0,16,15,20,390
0,16,15,22,330
0,16,15,24,360
0,16,15,25,585
0,16,15,28,525
0,16,15,32,360
0,16,15,35,375
0,16,15,39,540
0,16,15,41,285
0,16,15,43,570
0,16,15,45,420
0,16,15,47,315
0,16,15,48,480
0,16,15,52,390
0,16,15,54,525
0,16,15,55,405
0,16,15,56,435
0,16,15,57,585
0,16,15,60,450
0,16,15,63,480
0,16,15,64,405
0,16,15,67,285
0,16,15,69,420
0,16,15,70,495
0,16,15,71,285
0,16,15,74,420
0,16,15,75,270
0,16,30,5,450
0,16,30,10,450
0,16,30,11,570
0,16,30,15,255
0,16,30,17,390
0,16,30,18,555
0,16,30,20,390
0,16,30,22,330
0,16,30,24,360
0,16,30,25,585
0,16,30,28,525
0,16,30,32,360
0,16,30,35,375
0,16,30,39,540
0,16,30,41,285
0,16,30,43,570
0,16,30,45,420
0,16,30,47,315
0,16,30,48,480
0,16,30,52,390
0,16,30,54,525
0,16,30,55,405
0,16,30,56,435
0,16,30,57,585
0,16,30,60,450
0,16,30,63,480
0,16,30,64,405
0,16,30,67,285
0,16,30,69,420
0,16,30,70,495
0,16,30,71,285
0,16,30,74,420
0,16,30,75,270
0,16,45,5,450
0,16,45,10,450
0,16,45,11,570
0,16,45,15,255
0,16,45,17,390
0,16,45,18,555
0,16,45,20,390
0,16,45,22,330
0,16,45,24,360
0,16,45,25,585
0,16,45,28,525
0,16,45,32,360
0,16,45,35,375
0,16,45,39,540
0,16,45,41,285
0,16,45,43,570
0,16,45,45,420
0,16,45,47,315
0,16,45,48,480
0,16,45,52,390
0,16,45,54,525
0,16,45,55,405
0,16,45,56,435
0,16,45,57,585
0,16,45,60,450
0,16,45,63,480
0,16,45,64,405
0,16,45,67,285
0,16,45,69,420
0,16,45,70,495
0,16,45,71,285
0,16,45,74,420
0,16,45,75,270
0,17,0,5,450
0,17,0,10,450
0,17,0,11,570
0,17,0,15,255
0,17,0,17,390
0,17,0,18,555
0,17,0,20,390
0,17,0,22,330
0,17,0,24,360
0,17,0,25,585
0,17,0,28,525
0,17,0,32,360
0,17,0,35,375
0,17,0,39,540
0,17,0,41,285
0,17,0,43,570
0,17,0,45,420
0,17,0,47,315
0,17,0,48,480
0,17,0,52,390
0,17,0,54,525
0,17,0,55,405
0,17,0,56,435
0,17,0,57,585
0,17,0,60,450
0,17,0,63,480
0,17,0,64,405
0,17,0,67,285
0,17,0,69,420
0,17,0,70,495
0,17,0,71,285
0,17,0,74,420
0,17,0,75,270
0,17,15,5,450
0,17,15,9,285
0,17,15,10,450
0,17,15,11,570
0,17,15,15,255
0,17,15,17,390
0,17,15,18,555
0,17,15,20,390
0,17,15,22,330
0,17,15,24,360
0,17,15,25,585
0,17,15,28,525
0,17,15,32,360
0,17,15,35,375
0,17,15,39,540
0,17,15,41,285
0,17,15,43,570
0,17,15,45,420
0,17,15,47,315
0,17,15,48,480
0,17,15,52,390
0,17,15,54,525
0,17,15,55,405
0,17,15,56,435
0,17,15,57,585
0,17,15,60,450
0,17,15,63,480
0,17,15,64,405
0,17,15,67,285
0,17,15,69,420
0,17,15,70,495
0,17,15,71,285
0,17,15,74,420
0,17,15,75,270
0,17,30,5,450
0,17,30,9,285
0,17,30,10,450
0,17,30,11,570
0,17,30,15,255
0,17,30,17,390
0,17,30,18,555
0,17,30,20,390
0,17,30,22,330
0,17,30,24,360
0,17,30,25,585
0,17,30,28,525
0,17,30,32,360
0,17,30,35,375
0,17,30,39,540
0,17,30,41,285
0,17,30,43,570
0,17,30,45,420
0,17,30,47,315
0,17,30,48,480
0,17,30,52,390
0,17,30,54,525
0,17,30,55,405
0,17,30,56,435
0,17,30,57,585
0,17,30,60,450
0,17,30,63,480
0,17,30,64,405
0,17,30,67,285
0,17,30,69,420
0,17,30,70,495
0,17,30,71,285
0,17,30,74,420
0,17,30,75,270
0,17,45,5,450
0,17,45,9,285
0,17,45,10,450
0,17,45,11,570
0,17,45,15,255
0,17,45,17,390
0,17,45,18,555
0,17,45,20,390
0,17,45,22,330
0,17,45,24,360
0,17,45,25,585
0,17,45,28,525
0,17,45,32,360
0,17,45,35,375
0,17,45,39,540
0,17,45,41,285
0,17,45,43,570
0,17,45,45,420
0,17,45,47,315
0,17,45,48,480
0,17,45,52,390
0,17,45,54,525
0,17,45,55,405
0,17,45,56,435
0,17,45,57,585
0,17,45,60,450
0,17,45,63,480
0,17,45,64,405
0,17,45,67,285
0,17,45,69,420
0,17,45,70,495
0,17,45,71,285
0,17,45,74,420
0,17,45,75,270
0,18,0,5,450
0,18,0,9,285
0,18,0,10,450
0,18,0,11,570
0,18,0,15,255
0,18,0,17,390
0,18,0,18,555
0,18,0,20,390
0,18,0,22,330
0,18,0,24,360
0,18,0,25,585
0,18,0,28,525
0,18,0,32,360
0,18,0,35,375
0,18,0,39,540
0,18,0,41,285
0,18,0,43,570
0,18,0,45,420
0,18,0,47,315
0,18,0,48,480
0,18,0,52,390
0,18,0,54,525
0,18,0,55,405
0,18,0,56,435
0,18,0,57,585
0,18,0,60,450
0,18,0,63,480
0,18,0,64,405
0,18,0,67,285
0,18,0,69,420
0,18,0,70,495
0,18,0,71,285
0,18,0,74,420
0,18,0,75,270
0,18,15,5,450
0,18,15,9,285
0,18,15,10,450
0,18,15,11,570
0,18,15,15,255
0,18,15,17,390
0,18,15,18,555
0,18,15,20,390
0,18,15,22,330
0,18,15,24,360
0,18,15,25,585
0,18,15,28,525
0,18,15,32,360
0,18,15,35,375
0,18,15,39,540
0,18,15,41,285
0,18,15,43,570
0,18,15,45,420
0,18,15,47,315
0,18,15,48,480
0,18,15,52,390
0,18,15,54,525
0,18,15,55,405
0,18,15,56,435
0,18,15,57,585
0,18,15,60,450
0,18,15,63,480
0,18,15,64,405
0,18,15,67,285
0,18,15,69,420
0,18,15,70,495
0,18,15,71,285
0,18,15,74,420
0,18,15,75,270
0,18,30,5,450
0,18,30,9,285
0,18,30,10,450
0,18,30,11,570
0,18,30,15,255
0,18,30,17,390
0,18,30,18,555
0,18,30,20,390
0,18,30,22,330
0,18,30,24,360
0,18,30,25,585
0,18,30,28,525
0,18,30,32,360
0,18,30,35,375
0,18,30,39,540
0,18,30,41,285
0,18,30,43,570
0,18,30,45,420
0,18,30,47,315
0,18,30,48,480
0,18,30,52,390
0,18,30,54,525
0,18,30,55,405
0,18,30,56,435
0,18,30,57,585
0,18,30,60,450
0,18,30,63,480
0,18,30,64,405
0,18,30,67,285
0,18,30,69,420
0,18,30,70,495
0,18,30,71,285
0,18,30,74,420
0,18,30,75,270
0,18,45,5,450
0,18,45,9,285
0,18,45,10,450
0,18,45,11,570
0,18,45,15,255
0,18,45,17,390
0,18,45,18,555
0,18,45,20,390
0,18,45,22,330
0,18,45,24,360
0,18,45,25,585
0,18,45,28,525
0,18,45,32,360
0,18,45,35,375
0,18,45,39,540
0,18,45,41,285
0,18,45,43,570
0,18,45,45,420
0,18,45,47,315
0,18,45,48,480
0,18,45,52,390
0,18,45,54,525
0,18,45,55,405
0,18,45,56,435
0,18,45,57,585
0,18,45,60,450
0,18,45,63,480
0,18,45,64,405
0,18,45,67,285
0,18,45,69,420
0,18,45,70,495
0,18,45,71,285
0,18,45,74,420
0,18,45,75,270
0,19,0,5,450
0,19,0,9,285
0,19,0,10,450
0,19,0,11,570
0,19,0,17,390
0,19,0,18,555
0,19,0,20,390
0,19,0,22,330
0,19,0,24,360
0,19,0,25,585
0,19,0,28,525
0,19,0,32,360
0,19,0,35,375
0,19,0,39,540
0,19,0,41,285
0,19,0,43,570
0,19,0,45,420
0,19,0,47,315
0,19,0,48,480
0,19,0,52,390
0,19,0,54,525
0,19,0,55,405
0,19,0,56,435
0,19,0,57,585
0,19,0,60,450
0,19,0,63,480
0,19,0,64,405
0,19,0,69,420
0,19,0,70,495
0,19,0,71,285
0,19,0,74,420
0,19,15,5,450
0,19,15,9,285
0,19,15,10,450
0,19,15,11,570
0,19,15,17,390
0,19,15,18,555
0,19,15,20,390
0,19,15,22,330
0,19,15,24,360
0,19,15,25,585
0,19,15,28,525
0,19,15,32,360
0,19,15,35,375
0,19,15,39,540
0,19,15,41,285
0,19,15,43,570
0,19,15,45,420
0,19,15,47,315
0,19,15,48,480
0,19,15,52,390
0,19,15,54,525
0,19,15,55,405
0,19,15,56,435
0,19,15,57,585
0,19,15,60,450
0,19,15,63,480
0,19,15,64,405
0,19,15,69,420
0,19,15,70,495
0,19,15,71,285
0,19,15,74,420
0,19,30,5,450
0,19,30,9,285
0,19,30,10,450
0,19,30,11,570
0,19,30,17,390
0,19,30,18,555
0,19,30,20,390
0,19,30,22,330
0,19,30,24,360
0,19,30,25,585
0,19,30,28,525
0,19,30,32,360
0,19,30,35,375
0,19,30,39,540
0,19,30,43,570
0,19,30,45,420
0,19,30,47,315
0,19,30,48,480
0,19,30,52,390
0,19,30,54,525
0,19,30,55,405
0,19,30,56,435
0,19,30,57,585
0,19,30,60,450
0,19,30,63,480
0,19,30,64,405
0,19,30,69,420
0,19,30,70,495
0,19,30,74,420
0,19,45,4,240
0,19,45,5,450
0,19,45,9,285
0,19,45,10,450
0,19,45,11,570
0,19,45,17,390
0,19,45,18,555
0,19,45,20,390
0,19,45,22,330
0,19,45,24,360
0,19,45,25,585
0,19,45,28,525
0,19,45,35,375
0,19,45,39,540
0,19,45,43,570
0,19,45,45,420
0,19,45,47,315
0,19,45,48,480
0,19,45,52,390
0,19,45,54,525
0,19,45,56,435
0,19,45,57,585
0,19,45,60,450
0,19,45,63,480
0,19,45,64,405
0,19,45,69,420
0,19,45,70,495
0,19,45,74,420
0,20,0,4,240
0,20,0,5,450
0,20,0,9,285
0,20,0,10,450
0,20,0,11,570
0,20,0,17,390
0,20,0,18,555
0,20,0,20,390
0,20,0,22,330
0,20,0,24,360
0,20,0,25,585
0,20,0,28,525
0,20,0,39,540
0,20,0,43,570
0,20,0,45,420
0,20,0,48,480
0,20,0,52,390
0,20,0,54,525
0,20,0,56,435
0,20,0,57,585
0,20,0,60,450
0,20,0,63,480
0,20,0,64,405
0,20,0,69,420
0,20,0,70,495
0,20,0,74,420
0,20,15,4,240
0,20,15,5,450
0,20,15,9,285
0,20,15,10,450
0,20,15,11,570
0,20,15,17,390
0,20,15,18,555
0,20,15,20,390
0,20,15,24,360
0,20,15,25,585
0,20,15,28,525
0,20,15,39,540
0,20,15,43,570
0,20,15,45,420
0,20,15,48,480
0,20,15,52,390
0,20,15,54,525
0,20,15,56,435
0,20,15,57,585
0,20,15,60,450
0,20,15,63,480
0,20,15,69,420
0,20,15,70,495
0,20,15,74,420
0,20,30,4,240
0,20,30,5,450
0,20,30,9,285
0,20,30,10,450
0,20,30,11,570
0,20,30,17,390
0,20,30,18,555
0,20,30,20,390
0,20,30,24,360
0,20,30,25,585
0,20,30,28,525
0,20,30,39,540
0,20,30,43,570
0,20,30,48,480
0,20,30,52,390
0,20,30,54,525
0,20,30,56,435
0,20,30,57,585
0,20,30,60,450
0,20,30,63,480
0,20,30,69,420
0,20,30,70,495
0,20,30,74,420
0,20,45,4,240
0,20,45,5,450
0,20,45,9,285
0,20,45,10,450
0,20,45,11,570
0,20,45,17,390
0,20,45,18,555
0,20,45,24,360
0,20,45,25,585
0,20,45,28,525
0,20,45,39,540
0,20,45,43,570
0,20,45,48,480
0,20,45,52,390
0,20,45,54,525
0,20,45,56,435
0,20,45,57,585
0,20,45,60,450
0,20,45,63,480
0,20,45,69,420
0,20,45,70,495
0,20,45,74,420
0,21,0,4,240
0,21,0,9,285
0,21,0,11,570
0,21,0,17,390
0,21,0,18,555
0,21,0,24,360
0,21,0,25,585
0,21,0,28,525
0,21,0,39,540
0,21,0,43,570
0,21,0,48,480
0,21,0,52,390
0,21,0,54,525
0,21,0,56,435
0,21,0,57,585
0,21,0,60,450
0,21,0,63,480
0,21,0,69,420
0,21,0,70,495
0,21,0,74,420
0,21,15,4,240
0,21,15,9,285
0,21,15,11,570
0,21,15,17,390
0,21,15,18,555
0,21,15,24,360
0,21,15,25,585
0,21,15,28,525
0,21,15,39,540
0,21,15,43,570
0,21,15,48,480
0,21,15,52,390
0,21,15,54,525
0,21,15,56,435
0,21,15,57,585
0,21,15,60,450
0,21,15,63,480
0,21,15,69,420
0,21,15,70,495
0,21,15,74,420
0,21,30,4,240
0,21,30,9,285
0,21,30,11,570
0,21,30,17,390
0,21,30,18,555
0,21,30,24,360
0,21,30,25,585
0,21,30,28,525
0,21,30,39,540
0,21,30,43,570
0,21,30,48,480
0,21,30,52,390
0,21,30,54,525
0,21,30,56,435
0,21,30,57,585
0,21,30,60,450
0,21,30,63,480
0,21,30,69,420
0,21,30,70,495
0,21,45,4,240
0,21,45,9,285
0,21,45,11,570
0,21,45,17,390
0,21,45,18,555
0,21,45,24,360
0,21,45,25,585
0,21,45,28,525
0,21,45,39,540
0,21,45,43,570
0,21,45,48,480
0,21,45,54,525
0,21,45,57,585
0,21,45,60,450
0,21,45,63,480
0,21,45,69,420
0,21,45,70,495
0,22,0,4,240
0,22,0,11,570
0,22,0,18,555
0,22,0,25,585
0,22,0,28,525
0,22,0,39,540
0,22,0,48,480
0,22,0,54,525
0,22,0,57,585
0,22,0,60,450
0,22,0,63,480
0,22,0,69,420
0,22,15,4,240
0,22,15,18,555
0,22,15,25,585
0,22,15,28,525
0,22,15,39,540
0,22,15,54,525
0,22,15,57,585
0,22,15,60,450
0,22,30,4,240
0,22,30,18,555
0,22,30,25,585
0,22,30,28,525
0,22,30,39,540
0,22,30,54,525
0,22,30,57,585
0,22,30,60,450
0,22,45,4,240
0,22,45,18,555
0,22,45,25,585
0,22,45,28,525
0,22,45,57,585
0,22,45,60,450
0,23,0,4,240
0,23,0,18,555
0,23,0,25,585
0,23,0,28,525
0,23,0,57,585
0,23,0,60,450
0,23,15,4,240
0,23,15,25,585
0,23,15,57,585
0,23,15,60,450
0,23,30,4,240
0,23,30,25,585
0,23,30,60,450
